nombre,cantidad,anio
Benjamin,3695,2015
Isabella,3294,2015
Martina,3041,2015
Catalina,3006,2015
Bautista,2771,2015
Sofia,2611,2015
Olivia ,2544,2015
Felipe,2479,2015
Emma,2395,2015
Valentino,2340,2015
Benicio,2301,2015
Joaquín,2298,2015
Delfina,2166,2015
Lorenzo,2144,2015
Francesca,2098,2015
Valentina,2046,2015
Emilia,2021,2015
Mateo,1974,2015
Juan Ignacio,1967,2015
Santino,1893,2015
Tomás,1825,2015
Francisco,1785,2015
Juana,1741,2015
Josefina,1608,2015
Santiago,1572,2015
Simon,1537,2015
Guillermina,1499,2015
Ignacio,1456,2015
Victoria,1438,2015
Guadalupe,1392,2015
Agustin,1350,2015
Thiago Benjamín,1305,2015
Julieta,1283,2015
Pedro,1249,2015
Renata,1209,2015
Alma,1205,2015
Jazmin,1192,2015
Ciro,1188,2015
Juan Cruz,1123,2015
Thiago ,1116,2015
Lola,1100,2015
Pilar,1094,2015
Lucia,1069,2015
Lautaro,1049,2015
Bruno,1038,2015
Malena,995,2015
Julia,971,2015
Dante,949,2015
Valentin,917,2015
Salvador,904,2015
Nicolas,899,2015
Juan Bautista,854,2015
Maximo,844,2015
Mia,840,2015
Tiziano,834,2015
León,833,2015
Camila,831,2015
Clara,814,2015
Bianca,812,2015
Milo,786,2015
Facundo,780,2015
Vicente,764,2015
Mateo Benjamin,764,2015
Helena,757,2015
Zoe,740,2015
Agustina,731,2015
Ambar,721,2015
Ramiro,711,2015
Manuel,711,2015
Maria Emilia,690,2015
Nina,688,2015
Juan Martin,663,2015
Julián,660,2015
Bastian,647,2015
María Paz,604,2015
Paulina,600,2015
Mora,596,2015
Jeremías,588,2015
Tiziano Benjamin,581,2015
Amparo,580,2015
Juan Pablo,577,2015
Morena,571,2015
Franco,568,2015
Matias,557,2015
Felicitas,553,2015
Ciro Benjamin,535,2015
Santino Benjamin,529,2015
Luca,520,2015
Genaro,518,2015
MarÌa Victoria,517,2015
Lucas,508,2015
Augusto,498,2015
Mia Jazmin,494,2015
Fausto,492,2015
Mia Valentina,487,2015
Camilo,487,2015
Vera,486,2015
Elena,485,2015
Giovanni,484,2015
Lucio,478,2015
Juliana,475,2015
Antonella,475,2015
Antonia,473,2015
Lautaro Benjamin,468,2015
Agostina,467,2015
Luz Milagros,460,2015
Ana Paula,460,2015
Matilda,448,2015
Martin,446,2015
Constanza,440,2015
Alejo,439,2015
Paloma,436,2015
Juan Manuel,436,2015
Ian,431,2015
Benjamín Ezequiel,426,2015
Gael,424,2015
Lara,415,2015
Luciano,415,2015
Federico,408,2015
Milagros,401,2015
Lisandro,396,2015
Pía,395,2015
Francesco,394,2015
Lourdes,393,2015
Noah,390,2015
Sara,388,2015
Bautista Benjamin,388,2015
Alfonsina,384,2015
Lupe,384,2015
Sebastián,383,2015
Alma Valentina,375,2015
Zoe Valentina,372,2015
Candelaria,368,2015
Octavio,367,2015
Thiago Nicolas,365,2015
Alma Jazmin,364,2015
Juan Francisco,363,2015
Jonás,357,2015
Santino Nicolas,357,2015
Ian Benjamin,355,2015
Thiago Valentin,355,2015
Geronimo,354,2015
Mateo Nicolás,352,2015
Zoe Jazmín,346,2015
Teo,344,2015
Abril,342,2015
Tobias,340,2015
Gino,337,2015
Abigail,335,2015
Franchesca,334,2015
Thiago Ezequiel,332,2015
Luana,324,2015
Sol,322,2015
Justina,320,2015
Milena ,320,2015
Maria Pia,315,2015
Charo,313,2015
Gonzalo,313,2015
Alma Mia,311,2015
Paz,310,2015
Constantino,310,2015
Juan,310,2015
Antonio,308,2015
Francisca,307,2015
Maite,307,2015
Ulises,303,2015
Joaquina,302,2015
Rafael,302,2015
Micaela,300,2015
Sofia Belen,297,2015
Bautista Nicolas,296,2015
Ana,294,2015
Margarita,294,2015
Oriana,288,2015
Enzo,286,2015
Ema,285,2015
Ludmila,285,2015
Nahiara Jazmín,284,2015
Maia,284,2015
Thiago Agustin,281,2015
Sofia Valentina,281,2015
Gaspar,281,2015
Dylan,280,2015
Mateo Ezequiel,280,2015
Benjamin Nicolas,279,2015
Alvaro,276,2015
Emiliano,274,2015
Amanda,274,2015
Luciana,274,2015
Miguel Angel,273,2015
Fermín,271,2015
Inés,270,2015
Mia Isabella,270,2015
Faustino ,269,2015
Santino Ezequiel,268,2015
Martina Isabella,266,2015
Tiziano Valentin,266,2015
Mateo Agustín,265,2015
Noah Benjamin,265,2015
Samuel,261,2015
Ezequiel,260,2015
Vito,259,2015
Morena Jazmìn,257,2015
Tomas Agustin,256,2015
Sofia Jazmin,256,2015
Renzo,253,2015
Paula,253,2015
Luz,252,2015
Valentina Jazmin,251,2015
Martina Jazmin,249,2015
Mateo Valentin,249,2015
Rosario,249,2015
Lautaro Ezequiel,248,2015
Uma,248,2015
Luna,247,2015
Amadeo,247,2015
Bautista Ezequiel,245,2015
Santiago Benjamín,245,2015
Trinidad,242,2015
Carmela,242,2015
Emma Valentina,242,2015
Mia Francesca,241,2015
Brunella,239,2015
Theo,238,2015
Thiago Nahuel,238,2015
Benjamin Alejandro,234,2015
Jeronimo,234,2015
Giuliana,234,2015
Gabriel,230,2015
Luciano Benjamin,227,2015
Alexander,225,2015
Kiara Jazmin,225,2015
Leonel,222,2015
Mia Nicole,222,2015
Teo Benjamín,221,2015
Tomás Benjamín,221,2015
Ian Ezequiel,220,2015
Maitena,220,2015
Luisana,219,2015
Angel Gabriel,219,2015
Nicole,218,2015
Emanuel,218,2015
Mia Guadalupe,218,2015
Tiziana,215,2015
Nahiara,213,2015
Santiago Nicolas,211,2015
Thiago Leonel,211,2015
Candela,211,2015
Emilio,210,2015
Bianca Jazmín,210,2015
Gianluca,207,2015
Ián Bautista,207,2015
Santino Gabriel,206,2015
Thiago Lionel,206,2015
Zoe Abigail,206,2015
Kiara,206,2015
Luz Maria,205,2015
María Luz,205,2015
Juan Gabriel,204,2015
Azul,204,2015
Luisina,203,2015
Juan Jose,202,2015
Ciro Valentín,201,2015
Sofia Victoria,199,2015
Dylan Ezequiel,198,2015
Nahuel ,198,2015
Ignacio Benjamin,198,2015
Maximiliano,197,2015
Fiorella,197,2015
Sofía Abigail,196,2015
Theo Benjamin,196,2015
Aaron,196,2015
Dylan Benjamin,194,2015
Ivan,193,2015
Zoe Martina,193,2015
Juanita,191,2015
Priscila,191,2015
Alejandro,191,2015
Emma Sofía,190,2015
Angelina,190,2015
Eva,190,2015
Sofía Isabella,189,2015
Thiago Emanuel,189,2015
Faustina,189,2015
Thomas,189,2015
Baltazar,187,2015
Lionel,187,2015
Tahiel,187,2015
Isabel,186,2015
Laureano,186,2015
Amelia,186,2015
Thiago Gabriel,186,2015
Felix,186,2015
José Ignacio,185,2015
Alma Isabella,185,2015
Matias Ezequiel,184,2015
Bautista Gabriel,183,2015
Emma Victoria,183,2015
Santino Agustin,182,2015
Juan David,179,2015
Ernestina,178,2015
Tiziano Nicolas,178,2015
Allegra,178,2015
Mia Victoria,178,2015
Joaquin Ezequiel,178,2015
Mia Abigail,178,2015
Thiago Bautista,177,2015
Alma Morena,177,2015
Thiago Daniel,176,2015
Santino Valentín,176,2015
Tiziano Ezequiel,175,2015
Xiomara,175,2015
Lucas Benjamín,174,2015
Matheo,174,2015
Juan Pedro,174,2015
Maria Guadalupe,173,2015
Nahiara Abigail,173,2015
Luana Jazmin,172,2015
Emily,170,2015
Jano,170,2015
Mateo Gabriel,170,2015
Sofia Guadalupe,170,2015
Tiziano Agustin,170,2015
Stéfano,169,2015
Joaquin Ignacio,169,2015
Mateo Joaquin,169,2015
Alma Sofía,169,2015
Esmeralda,168,2015
Delfina Jazmin,168,2015
Santino Gael,168,2015
Amelie,167,2015
Zoe Nicole,167,2015
Maximo Benjamin,167,2015
Mia Nahiara,166,2015
Florencia,165,2015
Thiago Joaquín,165,2015
Tiziano Gabriel,165,2015
Uriel,165,2015
Martina Pilar,165,2015
Lautaro Nicolás,164,2015
Giovanna,164,2015
Francisco Nicolas,164,2015
Alfonso,163,2015
Manuela,163,2015
Lautaro Gabriel,163,2015
Elías,162,2015
Sofia Aylen,162,2015
Federica,161,2015
Román,161,2015
Agustín Nicolás,161,2015
Alma Francesca,160,2015
Ciro Agustin,160,2015
Kiara Valentina,160,2015
Emma Jazmin,159,2015
Evangelina,159,2015
Mia Morena,159,2015
Francesca Isabella,159,2015
Maia Jazmín,158,2015
Valentina Abigail,158,2015
Ian Agustin,158,2015
Sofia Milagros,158,2015
María Luján,157,2015
Emma Isabella,157,2015
Thiago Alexander,157,2015
Martino,155,2015
Mirko,155,2015
Bautista Agustin,155,2015
Francina,154,2015
Ambar Jazmin,154,2015
Eluney,154,2015
Santino Nahuel,153,2015
Marcos,153,2015
Joaquin Nicolás,153,2015
Ignacio Agustin,153,2015
Bastian Benjamin,153,2015
Alma Martina,153,2015
Tiziano Gael,152,2015
Santino Leonel,152,2015
Maria Jose,151,2015
Jana,151,2015
Victoria Jazmin,151,2015
Indiana,151,2015
Ian Gabriel,151,2015
Santino Daniel,150,2015
Liam,150,2015
Juan Sebastian,150,2015
Thiago Alejandro,150,2015
Francisco Benjamin,150,2015
Lautaro Agustín,149,2015
Zoe Nahiara,149,2015
Bautista Leonel,148,2015
Donato,147,2015
Francesca Valentina,147,2015
Eugenia,146,2015
Isidro,146,2015
Fabricio,146,2015
Isabella Jazmin,146,2015
Bruno Ezequiel,146,2015
Santiago Agustin,145,2015
Nazareno,145,2015
Luz Morena,145,2015
Thiago Valentino,145,2015
Ciro Bautista,144,2015
Simona,144,2015
Alma Guadalupe,144,2015
Alma Abigail,143,2015
Ismael,143,2015
Morena Abigail,142,2015
Facundo Nicolás,142,2015
Valentino Benjamin,141,2015
Lautaro Nahuel,141,2015
Bautista Joaquin,141,2015
Briana,140,2015
Benjamin Emanuel,140,2015
Santino Lionel,140,2015
Ciro Nicolas,140,2015
Martina Abigail,139,2015
Benjamin Ariel,139,2015
Isaias,139,2015
Benjamin Mateo,139,2015
Mercedes,139,2015
Thiago Sebastian,139,2015
David,139,2015
Santiago Ezequiel,138,2015
María Pilar,138,2015
Bastian Ezequiel,138,2015
Rodrigo,138,2015
Leandro,138,2015
Agustin Ezequiel,138,2015
Felipe Benjamín,137,2015
Martina Belén,137,2015
Amalia,137,2015
Ian Valentín,137,2015
Mia Agostina,137,2015
Bautista Lionel,137,2015
Patricio,137,2015
Ana Luz,137,2015
Jose Luis,137,2015
Ignacio Nicolas,136,2015
Sofía Ailen,136,2015
Santino Uriel,136,2015
Ian Santino,136,2015
Thiago David,135,2015
Santino Tomas,134,2015
Thiago Santino,133,2015
Lucas Ezequiel,133,2015
Pia Jazmin ,133,2015
Fabrizio,133,2015
Giuliano,133,2015
Francisco Agustin,133,2015
Ana Sofia,133,2015
Tomas Ezequiel,133,2015
Eliseo,133,2015
Tahiel Benjamín,133,2015
Mailen,133,2015
Lujan,133,2015
Martina Victoria,132,2015
MatÍas BenjamÍn,132,2015
Tiziano Nahuel,132,2015
Bernardita,131,2015
Ian Alexander,131,2015
Bruno Benjamin,131,2015
Bianca Valentina,131,2015
Ludmila Jazmin,130,2015
Kiara Abigail,130,2015
Jeremias Ezequiel,130,2015
Umma,130,2015
Delfina Pilar,129,2015
Benjamín Gabriel,129,2015
Matias Nicolas,129,2015
Xiomara Valentina,129,2015
Maria Belen,128,2015
Bautista Daniel,127,2015
Alma Victoria,127,2015
Brianna,127,2015
Alma Milagros,127,2015
Valentino Nicolás,126,2015
Bianca Isabella,126,2015
Benito,126,2015
Julieta Abigail,126,2015
Milo Benjamin,126,2015
Julieta Jazmin,125,2015
Sofia Antonella,125,2015
Juan Carlos,125,2015
Tiziano Leonel,125,2015
Joaquin Alejandro,125,2015
Lucas Gabriel,125,2015
Benicio Agustin,125,2015
Lazaro,125,2015
Ariana,124,2015
Martina Guadalupe,124,2015
Milagros Jazmin,124,2015
Ian Mateo,124,2015
Luz Martina,124,2015
Emma Francesca,124,2015
Santino Emanuel,123,2015
Alejo Benjamin,123,2015
Tiziano Bautista,123,2015
Ana Victoria,123,2015
Martina Nicole,123,2015
Luna Jazmin,123,2015
Bautista Gael,122,2015
Ludmila Abigail,122,2015
Xiomara Jazmin,122,2015
Ana Lucia,122,2015
Julieta Valentina,122,2015
Ian Nicolas,122,2015
Andrés,122,2015
Santino Tahiel,121,2015
Ana Clara,121,2015
Benjamín Daniel,120,2015
Kevin,120,2015
Maia Valentina,120,2015
Aitana,120,2015
Vittorio,119,2015
Ignacio Joaquin,119,2015
Blas,119,2015
Benjamín Uriel,119,2015
Rocio,119,2015
Bianca Abigail,119,2015
Magali,119,2015
Mateo Alejandro,119,2015
Iñaki,118,2015
Benjamín Alexander,118,2015
Romeo,118,2015
Bautista Emanuel,118,2015
Mateo Bautista,117,2015
Francesca Martina,117,2015
Eloisa,117,2015
Bruno Nicolas,117,2015
Zoe Milagros,117,2015
Joaquin Gabriel,117,2015
Thiago Gael,117,2015
Santiago Emanuel,116,2015
Sofia Nicole,116,2015
Gina,116,2015
Alina,116,2015
Maria Josefina,116,2015
Mariano,116,2015
Martina Lujan,116,2015
Anna,116,2015
Dylan Gabriel,116,2015
Lautaro Joaquin,116,2015
Emma Martina,116,2015
Lucia Jazmin,116,2015
Elian,116,2015
Mia Antonella,115,2015
Leonardo,115,2015
Xiomara Abigail,114,2015
Carola,114,2015
Quimey Alison,1,2015
Bianca Laudelina,1,2015
Emily  Estefania,1,2015
Juliana Renata,1,2015
Emiliano Jesús Gabriel,1,2015
Victoria Castorina,1,2015
Amaia Aurora,1,2015
Mia Grecia Ambar,1,2015
Zaira Daianara,1,2015
Yuthiel Eliel Agustin,1,2015
Maxima Agostina,1,2015
Emily Yanel,1,2015
Fiorella Anahí Erika,1,2015
Susana Nicol Alai,1,2015
Gema Marilyn,1,2015
Cintya  Ailen,1,2015
Agustin Hadid Andres,1,2015
Angie Nataly,1,2015
Esperanza Leonor,1,2015
Mauricio Diego,1,2015
Melanny Allín,1,2015
Luz Constanza Delfina,1,2015
Renata Ana Gabriel,1,2015
Loudes Fiorella,1,2015
Ruth Morena Yael,1,2015
Catena,1,2015
Ruth Bianca,1,2015
Ethel,1,2015
Daira Sol,1,2015
Ezequias Misael,1,2015
Brandom Bladimir,1,2015
Melani Iara,1,2015
Lyonel,1,2015
Keila Nadia,1,2015
Mateo Luis Emiliano,1,2015
Héctor Emiliano Marcos,1,2015
Mora Mahite,1,2015
Zamira Priscilla,1,2015
Majo Barbara,1,2015
Estela Yuliana,1,2015
Dahel Elias,1,2015
Esmeralda Janet,1,2015
Gael Aristides,1,2015
Isabella Contanza,1,2015
Alexis Eric,1,2015
Ailen Sofia Nahir,1,2015
Estefania Dana,1,2015
Damarias Keily,1,2015
Aytana Ailén,1,2015
Nahya Catalina,1,2015
Rihanna Eluney,1,2015
Estrellita Nicole,1,2015
Natali Leidi,1,2015
Lady Melody,1,2015
Irineo Gabriel,1,2015
Maik Oliver,1,2015
Yaiel Adriel Mauricio,1,2015
Yaco Tahiel,1,2015
Jennifer Nayra,1,2015
Fatima Ester,1,2015
Bautista Suyai,1,2015
Julieta Maleni,1,2015
Donatto Enrique,1,2015
Britany Alma,1,2015
Tiziano Vitto,1,2015
Zuria De Jesus,1,2015
Dalessander Manuel,1,2015
Aneley Juana,1,2015
Valentina Dalinda,1,2015
Malaquias Benjamin,1,2015
Faustina Anahí,1,2015
Gino Thaiel,1,2015
Liz Yazmín,1,2015
Julia Samira,1,2015
Nicol Candela,1,2015
Julia Elena Antonia,1,2015
Bautista Darwin,1,2015
Yoxcedeel Justino,1,2015
Leonel Bastian Leandro,1,2015
Ameth Santiago,1,2015
Otto Sebastian,1,2015
Brihanna,1,2015
Aylin Sherezade,1,2015
Emily Taylor,1,2015
Thiago Dalexandro,1,2015
Marko Antonio,1,2015
Amaia Katlyn,1,2015
Marlene Tiziana Nahir,1,2015
Felicitas Justina,1,2015
Valentino Paolo,1,2015
Alexandra Priscila,1,2015
Mateo Keren,1,2015
Luciano Angel Oscar,1,2015
Lola Amancay,1,2015
Zair Jeremias,1,2015
Bruno Angelo,1,2015
Marcelo Neyén,1,2015
Tomas Gaetano,1,2015
Thiago Jonathan Manuel,1,2015
Dizeo Franco,1,2015
Nahuel Felix,1,2015
Maxi Junior,1,2015
Nancy Luciana,1,2015
Santiago Zacarias,1,2015
Abi Ainara,1,2015
Noah Bart,1,2015
Dominick Giovanni,1,2015
Angel Benjamin Leonel,1,2015
Luana Lourdes Naiara,1,2015
Valentino Prince,1,2015
Antonia Camila,1,2015
Belshabet De Los Milagros,1,2015
Benicio Urian,1,2015
Sacarias Nahuel,1,2015
Jasmin Dalila,1,2015
Joselin Macarena,1,2015
Luz Muna,1,2015
Kisara Jasminel,1,2015
Briana Jocelin,1,2015
Abigail Franccesca,1,2015
Adriana Ruth,1,2015
Naomi Jacqueline,1,2015
Cielo Evangelin,1,2015
Mauriño Neymar,1,2015
Deivis Kurt,1,2015
Bautista Tiano,1,2015
Gissela,1,2015
Ailín Constanza,1,2015
Tianra Ambar,1,2015
Natasha Eyleen,1,2015
Steven Valentin,1,2015
Marisol Victora,1,2015
Jano Luis,1,2015
Diana Antonella Ayelen,1,2015
Miranda Donatella,1,2015
Matteo Noel,1,2015
Nerea Lituana,1,2015
Luisana Alexa,1,2015
Canela Camila,1,2015
Abraham Exequiel,1,2015
Luca Thaiel,1,2015
Zamiel Antuan,1,2015
Pilar Fiorella Concepción,1,2015
Clarisa Marisol,1,2015
Sammir Rafael,1,2015
Natali Maia Samira,1,2015
Georgina Yazmin,1,2015
Dionel Concepcion,1,2015
Chloe Jezabel,1,2015
Clarisa Renata,1,2015
Arabel Daniela Elizabeth,1,2015
Santo Ismael,1,2015
Gianela Julieta,1,2015
Yexia Anabel,1,2015
Thiago Nahuel Isaias,1,2015
Angela Mariel,1,2015
Akane Videl,1,2015
Thiago Aluhe,1,2015
Janna Leonella,1,2015
Guadalupe Jara,1,2015
Yenifer Luz,1,2015
Issac Eugenio,1,2015
Gibran Exequiel,1,2015
Khatia Belen,1,2015
Priscila Monserrat,1,2015
Claudio Lautaro,1,2015
Thiara Keyla,1,2015
Julieta Reinalda,1,2015
Renatta Luz,1,2015
Fatima Alexia,1,2015
Gregory Jesus,1,2015
Thiago Teo Eduard,1,2015
Brigitte Zoe,1,2015
Nahiara Brenda Yasmin,1,2015
Thián Dylan,1,2015
Uma Kiara Aylen,1,2015
Ian Ramon Agustin,1,2015
Tadeo Fabricio,1,2015
Ticiano Pedro,1,2015
Nahiara Alejandrina,1,2015
Aylén Selenia,1,2015
Vanesa Noelia Eluney,1,2015
Alice Victoria Magali,1,2015
Indira Aitana Gabriela,1,2015
Elisabet Magdanela,1,2015
Lazael,1,2015
Juana Nazareth,1,2015
Brittany Grecia,1,2015
Dominique Sofia,1,2015
Zoe Emiliana,1,2015
Joaquin Matias Baiano,1,2015
Vicente Paul,1,2015
Ernesto Gael,1,2015
Jonatán  Emanuel,1,2015
Hector Francesco,1,2015
Alison Karina,1,2015
Alberto Serafin,1,2015
Zinedine Elian,1,2015
Dara Melany,1,2015
Tadeo Ciro Nahel,1,2015
Josue Taiel,1,2015
Amilcar Andres,1,2015
Juliana Violeta,1,2015
Micaias David Amiel,1,2015
Ahinara Milan,1,2015
Constantino Luis,1,2015
Sofia Milenna,1,2015
Thaiana Joaquina Quimey,1,2015
Selena Mayrin,1,2015
Franco Abraham,1,2015
Ian Samuel Maximo,1,2015
Candelaria Daenerys,1,2015
Tiziano Leon Emanuel,1,2015
Ramiro Karim,1,2015
Ayelen Yamilex,1,2015
Rihanna Nahieli,1,2015
Liz Yamila,1,2015
Aitana Franchesca Antonella,1,2015
Jhosemir David,1,2015
Abigail Chiara,1,2015
Neidi Ayelén,1,2015
Bianca Valentina Beatriz,1,2015
Mikaela Daiana,1,2015
Paloma Priscila,1,2015
Pilar Luz Valentina,1,2015
Liam Nahum,1,2015
Megan Oriana,1,2015
Azumi Aylen,1,2015
Aimará Brisa,1,2015
Sofia Nahami,1,2015
Claudio Oscar,1,2015
Alma  Zamira,1,2015
Erica Melinda,1,2015
Jadhiel Natanaiel,1,2015
Santo Gabriel,1,2015
Paulo Milo,1,2015
Trinidad Beatriz,1,2015
Leon Alum,1,2015
Reinaldo Bautista,1,2015
Helen Mayte,1,2015
Zamira Ruth,1,2015
Bautista Jose Enrique,1,2015
Ian Guadá,1,2015
Alfonsina Ramona,1,2015
Jordan Adriel,1,2015
Brianna Anahir,1,2015
Lion Yaret Nahuel,1,2015
Luiz Miguel,1,2015
Diosdado Rafael León,1,2015
Fabio Arón,1,2015
Lian Azrael,1,2015
Dana Vilma,1,2015
Angelica Nicole,1,2015
Jocelyn Nidia,1,2015
Yanina Michelle,1,2015
Nelson Ignacio,1,2015
Bretanee Abril,1,2015
Katherine Mayte,1,2015
Fabrizzio Israel,1,2015
Maite Gisel,1,2015
Fabricio Antolin,1,2015
Zoe Martina Quimey,1,2015
Mia Yesabella,1,2015
Ciro Natanel,1,2015
Tyson Ali,1,2015
Ezio Tiano,1,2015
Mirco David,1,2015
Ayron Lionel,1,2015
Bianca Sheraldine,1,2015
Yanella Caterina Andrea,1,2015
Alexia Macarena,1,2015
Inocencia Soledad,1,2015
Elisa Ayelen,1,2015
Giovanni Camilo,1,2015
Keyla  Brianna,1,2015
Elena Manuela,1,2015
Lucca Adriel,1,2015
Jorge Gerardo,1,2015
Isabel Evangelina,1,2015
Nixon Adiel,1,2015
Franchezca Azul,1,2015
Alexia Bernardina,1,2015
Sheila Felicia,1,2015
Jano Aquiles,1,2015
Leonardo Segundo,1,2015
Melten Estefanía,1,2015
Alan  Axel,1,2015
Blas Benito,1,2015
Cielo ParÍs,1,2015
Johan Luciano Ireneo,1,2015
Byron Máximo,1,2015
Aldo Emanuel,1,2015
Claudio Ricardo,1,2015
Thiara Nathalie,1,2015
Zamira Mía,1,2015
Antonela Emilia,1,2015
Luciano Néstor,1,2015
Ariana Nayibe,1,2015
Brenda Nasareth,1,2015
Selena Paloma,1,2015
Alma Maria Fidelina,1,2015
Francesca Abigail Milena,1,2015
Amelia Evangelina,1,2015
Anahi Diana,1,2015
Tahiel Gerardo,1,2015
Rut Sara,1,2015
HANS SASHA MIULLER,1,2015
Zoe Yemina,1,2015
Felipe Joshua,1,2015
Tiziana Jazmin Celeste,1,2015
Nicolas Edgardo,1,2015
Franccesco Valentín,1,2015
Salome Eusebia,1,2015
Kendra Lara Maite,1,2015
Daniel Alfredo,1,2015
Adabella Natali,1,2015
Marco Luciano,1,2015
Natanael Maximiliano,1,2015
Adara Nicole,1,2015
Casiano Andres,1,2015
Logan Lisandro,1,2015
Willian Octavio,1,2015
Martina Alma Luz,1,2015
Giovanni Claudio,1,2015
Bastian Isael,1,2015
Victoria Zoe Florentina,1,2015
Greta Itatí,1,2015
Maleny Ailin,1,2015
Juan Gerardo,1,2015
Tadeo Sebastian Ariel,1,2015
Marisol Yoselin,1,2015
Iara Fiorella Soledad,1,2015
Eulalia Guadalupe,1,2015
Samay Nahiara,1,2015
Lihuen Estefanía,1,2015
Shia Leontina,1,2015
Sabastián Alexis,1,2015
Tobias Orion,1,2015
Ornella Gisela,1,2015
Anastasia Denise,1,2015
Merlina Nerina,1,2015
Mailen Genesis,1,2015
Yadira,1,2015
Ashlyn Geraldine,1,2015
Catalina Elsa,1,2015
Angelina Gail,1,2015
Tiziano Dariem,1,2015
Lihuen Agustina,1,2015
Ambar Noreen,1,2015
Yarilin Xiomara Abigail,1,2015
Maximo Benjamin Italo,1,2015
Patrick Anderson,1,2015
Priscila Guadalupe Celina,1,2015
Fabricio Thiziano,1,2015
Aileen Aranza,1,2015
Neyla Beatriz,1,2015
Roberto Samuel,1,2015
Faris Esteban,1,2015
Naomi Madelen,1,2015
Renzo Matias Gabriel,1,2015
Luana Antonella Soledad,1,2015
Oriana Veronica Guadalupe,1,2015
Leon Lihuen,1,2015
Lola Lara,1,2015
Yonathan Manuel,1,2015
Evelin Rubi,1,2015
Thian  Valentin,1,2015
Clovis Enmanuel,1,2015
Luján Fátima,1,2015
Ladislao Sebastian,1,2015
Alma Norali,1,2015
Onur Demetrius,1,2015
Israel Benito,1,2015
Jorge Alejandro Isaias,1,2015
Milenka Luana,1,2015
Alex Yadiel,1,2015
Damir Ramiro,1,2015
Josefina Aline,1,2015
Mora Ain,1,2015
Sherazade Uma,1,2015
Estiben Daniel,1,2015
Radames Isaias,1,2015
Saul Diano,1,2015
Leonel Xavier,1,2015
Fernanda Alison,1,2015
Luciana Sherazade Tereza,1,2015
Paloma Eluney Mia,1,2015
Lourdes Liliana,1,2015
Darlen Guadalupe del Valle,1,2015
Michelle Eugenia,1,2015
Kira Nahir,1,2015
Lucia Daiana,1,2015
Monica Monserrat,1,2015
Gense Misael,1,2015
Liam Adriel Romeo,1,2015
Mauricia Evangelina,1,2015
Carlos Shaan ,1,2015
Angela Libertad,1,2015
Arwen Catalina,1,2015
Gabriel Edmundo,1,2015
Phia Delfina,1,2015
Rosalia Dionisia,1,2015
Stephanie Guadalupe,1,2015
Dariana Isabella,1,2015
Milene Jacqueline,1,2015
Naico Rodrigo,1,2015
Alexa Katherine,1,2015
Gia Francesca,1,2015
Rosite Valentina,1,2015
Dhylan Gabriel,1,2015
Emir Ezequías,1,2015
Jonathan Dylan,1,2015
Zantino Javier,1,2015
Milagros Nicole Elena,1,2015
Zahira Andrea Aline,1,2015
Tayra Noemi,1,2015
Christopher José Jaasiel,1,2015
Joaquin Fabio Ismael,1,2015
Tiana Paz Isabella,1,2015
Lautaro Ciro,1,2015
Umma Jezabell,1,2015
Francesca Vera,1,2015
Amy Abril,1,2015
Jimena Xiomara,1,2015
Saúl Lihuel,1,2015
Josefina Aymé,1,2015
Fabricio Ulises,1,2015
William Jefferson,1,2015
Isaias Bladimir Sebastian,1,2015
Alma Johanna,1,2015
Clara Serena Berenice,1,2015
Ezequil Martin,1,2015
India Cristal,1,2015
Sheila Ariana,1,2015
Héctor Elpidio Ramón,1,2015
Ema Delfina,1,2015
Amelia Lucilla,1,2015
Evo,1,2015
Bruce Javier,1,2015
Fabritzio Lautaro,1,2015
Shina Safira,1,2015
Etham  Samuel,1,2015
Tiziana Clarisa,1,2015
Emerson Natanael,1,2015
Sophya Nahiara,1,2015
Alma Mayte,1,2015
Josue Fernando,1,2015
Nataly Lujan,1,2015
Ashley Flavia,1,2015
Yanara Ailín,1,2015
Tessa Reggina,1,2015
Renata Priscila,1,2015
Andrea Zulema,1,2015
Briana Emilce Eluney,1,2015
Analuz Mabel,1,2015
Karina Alma Tatiana,1,2015
Maxima Florencia,1,2015
Teo Alcario,1,2015
Nirvana Berenice,1,2015
Carla Mariel,1,2015
Andrea Angeles,1,2015
Federico Natael,1,2015
Bianca Aimara,1,2015
Giovanni Dionel,1,2015
Milena Milagro,1,2015
Leonardo Stalin,1,2015
Geraldine Barbara,1,2015
Braiton Jeremías,1,2015
Daiara Azul,1,2015
Lucinio,1,2015
Jose Miguel Angelo,1,2015
Brisa Esmeralda Agostina,1,2015
Leire Aime,1,2015
Carla Alessandra,1,2015
Lyon Emiliano,1,2015
Gabriel Shelomo,1,2015
Paloma Jana Irupé,1,2015
Ruth Melani Luana,1,2015
Ana  Paula ,1,2015
Maria Brisa,1,2015
Zanthino Estefan,1,2015
Mario Darío,1,2015
Mylan Yamil Agustin,1,2015
Valentina Aymar,1,2015
Aisha Shari,1,2015
Morena Evaluna,1,2015
Zarek Noah Luciano,1,2015
Lisandro Dante,1,2015
Luz Mia Guadalupe,1,2015
Sarita Ludmila,1,2015
Noemi Cristal,1,2015
Deolinda Nicole,1,2015
Mateo Alan Gael,1,2015
Neiber Leander,1,2015
Benicio Clemente,1,2015
Agostina Gisela,1,2015
Robe,1,2015
Vito Salvattore,1,2015
Luhana Priscila,1,2015
Wendy Briana,1,2015
Lisandro Benjamin Leonel,1,2015
Martina Ana Victoria,1,2015
Milan Leonel,1,2015
Marixa Nahiara,1,2015
Maiara Agustina,1,2015
Angelina Jeanette,1,2015
Alejo Antuan,1,2015
Estefania Ariadna Elizabeth,1,2015
Alex Julian Sebastian,1,2015
Sofia Miley,1,2015
Brianna Jaquelina,1,2015
Alice Isabella,1,2015
Maximiliano Salvador,1,2015
Carlos Timoteo Darío,1,2015
Ulises Jainen,1,2015
Leonardo Felipe,1,2015
Ana Priscila Nahiara,1,2015
Azul Anabell,1,2015
Gael Anibal,1,2015
Timoteo Simon,1,2015
Britany Gisel,1,2015
Bella Bell,1,2015
Amelia Esmeralda,1,2015
Maximo Aymar,1,2015
Tiam Axel,1,2015
Kerin Ismael,1,2015
Ximena Pilar,1,2015
Giovanni Irán,1,2015
Jared Ebrain,1,2015
Shamira Catalina,1,2015
Vanina Maribel,1,2015
Adrian Ramiro,1,2015
Yonathan Toniel,1,2015
Ernestina Luisiana Aylén,1,2015
FRANK NILAN,1,2015
Melody Ludmila Zoe,1,2015
Ruben Ceferino,1,2015
Aixa Imara,1,2015
Teo Oscar,1,2015
Aldo Zahir,1,2015
Hugo Baltazar,1,2015
Mario Amadeo,1,2015
Florentina Esperanza Noemi,1,2015
Kenia Maribel,1,2015
Yasmina Eugenia,1,2015
Alessandro Emanuel,1,2015
Delfina Maria Eugenia,1,2015
Belisario Martin,1,2015
Williams Lorenzo Yandel,1,2015
Valentina Leticia Lujan,1,2015
Danilo Yuthiel,1,2015
Robert Exel,1,2015
Roman Nahin,1,2015
Simon Ariel Rene,1,2015
Jorge Geremias,1,2015
Noemi Evangelina,1,2015
Fatima Romanella,1,2015
Ambar Gaia,1,2015
Araceli Melody Martina,1,2015
Rafael Jerónimo,1,2015
Dastan Javier,1,2015
Taina Oriana,1,2015
Sean Lauren,1,2015
Milene Evangelina,1,2015
Ian Fini,1,2015
Tiago Karim,1,2015
Ezequiel Miguel Emanuel,1,2015
Sasha Antonellla,1,2015
Micaias Simon,1,2015
Wendy Darsil,1,2015
Ariadna Abigail Mabel,1,2015
Eluney Zulema,1,2015
Ruby Melanie,1,2015
Catalina Veronica,1,2015
Alicia Aimar,1,2015
Siria Lien,1,2015
Sharixa Magali,1,2015
Solange Alma Nahiara,1,2015
Merlín Valentino,1,2015
Ulises Ethan,1,2015
Dyana Salome,1,2015
Eugenia Fabiola,1,2015
Miqueas Nair,1,2015
Yuthiel Abel,1,2015
Gabriel Vladimir,1,2015
Josefina Anna,1,2015
Nahiara Julieta Jazmín,1,2015
Naila Tiziana,1,2015
Emilia Eliana,1,2015
Sofia Isidora,1,2015
Ramiro Dante,1,2015
Yara Lisbet,1,2015
Francesca Alihuen,1,2015
Yandel Mariano,1,2015
Mila Isabel,1,2015
Elias Eduardo Emanuel,1,2015
Miriam Soledad,1,2015
Olivia Waldina,1,2015
Tizaiano Benjamin,1,2015
Julia María Magdalena,1,2015
Kimey Estefania,1,2015
Dámaris Marcela,1,2015
Ciro Demain,1,2015
Paola Aylin,1,2015
Tamara Carla Marisel,1,2015
Miriam Ailén,1,2015
Delfina Rose,1,2015
Yael Jesus,1,2015
Helen Areli,1,2015
Emilia Eva Luna,1,2015
Gimena Antonela,1,2015
Thiago Segundo,1,2015
Milton Galo,1,2015
Lenny Schneider,1,2015
Nando Lionel,1,2015
Cristal Desiree,1,2015
Maggie InÉs,1,2015
Gustavo Alonso,1,2015
Jemima Mical,1,2015
Ivan Fabrizio,1,2015
Shirley Eileen Shaylen,1,2015
Aylín Joy,1,2015
Marylin Solange,1,2015
Thaiel Elian Alejandro,1,2015
Briana Celestina,1,2015
Jana Luz Milagros,1,2015
Kiara Marycell,1,2015
Zion Thadiel,1,2015
Saray Luz,1,2015
Alan Victor Joel,1,2015
Azul Yamila,1,2015
Ashley Serena,1,2015
Ainara Silvia,1,2015
Tobias Orlando,1,2015
Cristian Escequiel,1,2015
Tianna María,1,2015
Maximo Byron,1,2015
Ambar Jenell,1,2015
Acacia Keren,1,2015
Melany Aillen,1,2015
Nadia Nicolle,1,2015
Alanis Ashley,1,2015
Ambar Nixie,1,2015
Francesco Noah,1,2015
Gamal Ismael,1,2015
Elena Erica,1,2015
Alegra Nerea,1,2015
Joás Ian,1,2015
Eitan Gustavo,1,2015
Zahira Natali,1,2015
Amparo Kalu,1,2015
Morena Shirley,1,2015
Irma,1,2015
Ludmila Naihara,1,2015
Nicola Ney,1,2015
Alain Bautista,1,2015
Ludmila Roxana,1,2015
Zamira Yanay,1,2015
Selene Evangelina,1,2015
Isaias Noha,1,2015
Renata Lumey,1,2015
Axel Jhonas,1,2015
Teresa Mia Maria,1,2015
Allison Monserrat,1,2015
Jean Pier Dilan,1,2015
Francesca Silvia,1,2015
Tiano Imanol,1,2015
Helena Maria Ines,1,2015
Walkyria Milagros,1,2015
Dilán Moisés,1,2015
Thays,1,2015
Melina Karen,1,2015
Armando Miqueas Noe,1,2015
Mia Ramona Guadalupe,1,2015
Selene Jaqueline Miriam,1,2015
Samanta Natali,1,2015
Jacinto Mateo,1,2015
Mariana De Fatima ,1,2015
Araceli Sofia Aylen,1,2015
Yamille Nahiara,1,2015
Dionel Tiziano,1,2015
Nicolas Yonatan,1,2015
Dulce Cesia Jazmín,1,2015
Gael Emanuel Alexi,1,2015
Lisandro Efraim,1,2015
Fiorella Regina,1,2015
Paloma Maria Agostina,1,2015
Nadia Aidee,1,2015
Armando Joaquin,1,2015
Antonella Orianna,1,2015
Gimena Magdalena,1,2015
Lino Nahum,1,2015
Elais Ambar,1,2015
Mia Vella,1,2015
Dárian Neemias,1,2015
Bastian Efren,1,2015
Faustino Ciriaco,1,2015
Paloma Yasmin del Rosario,1,2015
Zaid Gael,1,2015
Itzak Nasareo,1,2015
Pia Miley,1,2015
Luciano Sebastian Mateo,1,2015
Eduardo Katriel,1,2015
Matheo Yair Ezequiel,1,2015
Patricio Martín Ezequiel,1,2015
Dulcina Aray,1,2015
Francisco Aquiles,1,2015
Démian Osiris,1,2015
Brianna Ariela,1,2015
Angelo Josue,1,2015
Mauro Julio Leonel,1,2015
Ernestina Daniela,1,2015
Marianella Franczesca,1,2015
Joselin Benigna,1,2015
Mariano Santos,1,2015
Allison Morena,1,2015
Milagros Dulce,1,2015
Zuriel Eliana,1,2015
Glenda Angélica,1,2015
Zaida Maite,1,2015
Ailen Renata,1,2015
Lucas Ioel,1,2015
Indiana Macarena,1,2015
Morena Olivia Juana,1,2015
Victorio Nicolás,1,2015
Jennifer Esperanza,1,2015
Francisco Salim,1,2015
Denise Sofía,1,2015
Aguayo Silvestre,1,2015
Nahomi Maylen,1,2015
Rut Sherezade,1,2015
Silvia Cristina Ludmila,1,2015
Alaia Briana,1,2015
Arantxa Luna Cristal,1,2015
Ayelen Carol,1,2015
Danna Maximiliana,1,2015
Sofia Estefania Lara,1,2015
Lurdes Lujan,1,2015
Brahin Maciel,1,2015
Carolina Aylén,1,2015
Malena Victoria Jacqueline,1,2015
Brenda Ainara,1,2015
Milena De Las Mercedes,1,2015
Ahitana Yadira,1,2015
Alissa Isabella,1,2015
Yeshia Nathali,1,2015
Allison Solange,1,2015
Ziriana Nicole,1,2015
Yaritza Milena,1,2015
Ian Franco Exequiel ,1,2015
Fabricio Iber,1,2015
Claudia Jennifer Belen,1,2015
Jesus Gustavo,1,2015
Jadhe Ayelén,1,2015
Maiten Susana Soledad,1,2015
Sayana Alumine,1,2015
Ahimara Tiffani,1,2015
Joaquín Luis Miguel,1,2015
Jeremy Santino Raul,1,2015
Denis Ariel,1,2015
Pilar Eluney Lakshmi,1,2015
Jeremias Alain,1,2015
Ezel Zantino,1,2015
Mateo Edmar,1,2015
Isaías  David,1,2015
Luzmila Mickaela,1,2015
Fernando Ronaldo,1,2015
Ludmila Selena,1,2015
Juniors Agustin,1,2015
Eidan Ezequiel,1,2015
Jerico Alexander,1,2015
Natanel,1,2015
Aramis José,1,2015
Juan Balthazar,1,2015
Melody Marlene,1,2015
Antonela Tatiana Soledad,1,2015
Melín,1,2015
Ian Mateo Emiliano,1,2015
Liz Samanta,1,2015
Maciel Alexis Pablo,1,2015
Yael David,1,2015
Juanse Tiziano,1,2015
Luisina Elisabet,1,2015
Axel Haciel,1,2015
Abraham Dob,1,2015
Evangelina Lourdes,1,2015
Leila Marisa,1,2015
Aymara Zafira,1,2015
Jeremias Mauricio,1,2015
Eythan Lemuel,1,2015
Alicia Luciana del Milagro,1,2015
Nahemias Ismael,1,2015
Mauricio Antonio Benjamin,1,2015
Jazmín Aylin Agostina,1,2015
Azair Victoria,1,2015
Merilyn Yoselin,1,2015
Santino Lautaro Agustin,1,2015
Milena Samara,1,2015
Emma Abygail ,1,2015
Francisco Luan,1,2015
Junior Yael,1,2015
Maher,1,2015
Vittoria Delfina,1,2015
Yaquelin Daniela,1,2015
Keyla Elena,1,2015
Agustina Marcela,1,2015
Luisana Julia,1,2015
Daysi Noemi,1,2015
Morena Ernestina,1,2015
Milo Jason Vlad,1,2015
Santiago Enzo Efrain,1,2015
Briana Jimena,1,2015
Jade Emma Aitana,1,2015
Efrain Yonathan,1,2015
Laureano Valentin Lautaro,1,2015
Luana Shulinen,1,2015
Geraldine Sharon,1,2015
Eugenio Adrian,1,2015
Brian Gregorio,1,2015
Zyan Francisco,1,2015
Williams Alexis Santino,1,2015
Candela Aimara Azul,1,2015
Nayra Magali,1,2015
Luana Evonne,1,2015
Yamila Daniela,1,2015
Juliano Nahun,1,2015
Ignacio Yair,1,2015
Dalia Janet,1,2015
Michael Yuthiel,1,2015
Tahiel Sebastian Vicente,1,2015
Mirela Johana,1,2015
Baltazar David,1,2015
Sol Francisca,1,2015
Ada Guillermina,1,2015
Tiziano Ian Lucas,1,2015
Maillen,1,2015
Sarai Joana,1,2015
Daisy Helen,1,2015
Marcus Thian,1,2015
Samira Sharon,1,2015
Dayla Katerina,1,2015
Annie Charlotte,1,2015
Abril Natalie,1,2015
Brigitte Krystal,1,2015
Angel Adiel,1,2015
Violeta Marisol,1,2015
Dylan Florentino,1,2015
Nerea Celeste,1,2015
Alma Sol Juana,1,2015
Daira Ainelem,1,2015
Quimey Anahi,1,2015
Bryan Sebastian,1,2015
Gabriel Atila,1,2015
Fabricio Juan Gabriel,1,2015
Emily Nelida,1,2015
Jonnhy Mateo,1,2015
Ariel Brandon,1,2015
Mailen Liz,1,2015
Nairo Leandro,1,2015
Nahiara Maria Angeles,1,2015
Morena Sheilan Alejandra,1,2015
Mora Gianella,1,2015
Jeri,1,2015
Fiorella Candelaria,1,2015
Amarilis Analia,1,2015
Valentino Norio,1,2015
Sara Betsabe,1,2015
Rocio Elisabet,1,2015
Emanuel Benjamin Josue,1,2015
Franchesca Mary James,1,2015
Anthony Brenner,1,2015
Elio Abel,1,2015
Kimberli,1,2015
Lourde Beatriz,1,2015
Cristo Ramon Ivan,1,2015
David Alejo,1,2015
Ainara Sofia Aimé,1,2015
Iair Jaim,1,2015
Facundo Jeronimo,1,2015
Enzo Nathaniel,1,2015
Ailen Anyelina,1,2015
Isabel Yanira,1,2015
Yesica Rufina,1,2015
Maia Ximena Ailen,1,2015
Ludmila Melany,1,2015
Maximiliano Owen Alexander,1,2015
Loana Alexia,1,2015
Johann Emanuel,1,2015
Maria Paula Joselin,1,2015
Emiliana Beatriz,1,2015
Marina Francesca,1,2015
Bastian Augustin,1,2015
Dayron Joaquin,1,2015
Sara Libertad,1,2015
Tiziano Thiago Roman,1,2015
Samira Uma Verónica,1,2015
Matias Hipolito,1,2015
Sarah Lisette,1,2015
Eren Bautista,1,2015
Leiza Nahiara,1,2015
Olivia Alicia,1,2015
Rafael Mateo,1,2015
Giovanni Lucio,1,2015
Mylo Luciano,1,2015
Romeo Gonzalo Martin,1,2015
Asher Joshua,1,2015
Nazareno Zahir,1,2015
Gael Yohan,1,2015
Lucian León,1,2015
Maite Eugenia,1,2015
Alma Jesica,1,2015
Monserrat Tiara,1,2015
Thyan Santino,1,2015
Maira Nahir,1,2015
Amitiel Luz,1,2015
Aldana Francisca,1,2015
Norberto Yair Nicolas,1,2015
Josefa Valentina,1,2015
Mercedes Angela,1,2015
Bautista Cesar Valentin ,1,2015
Alvaro Dylan,1,2015
Luciana Ayllen,1,2015
Lohana Mayra,1,2015
Danny Jhilmar,1,2015
Gian Eder,1,2015
Tatiana Evangelina,1,2015
Naomi Mercedes,1,2015
Bautista Ramón Aaron,1,2015
Thiago Liam Ezequiel,1,2015
Clara Paula,1,2015
Yadira Eluney,1,2015
Kia Nahiara,1,2015
Alma Nahiara Abigail,1,2015
Valentina Gisele,1,2015
Lucila Violeta,1,2015
Marcos Aimar,1,2015
Sheila Naharay,1,2015
Thiago Nathaniel,1,2015
Hiram Francisco,1,2015
Bryanna Meltem,1,2015
Isabella Antonela,1,2015
Zaffira Tauriel,1,2015
Shara Martina,1,2015
Nehuen Guillermo,1,2015
Ahian Tiziano,1,2015
Loana Aitana,1,2015
Nayara Thais,1,2015
Yordan Catriel ,1,2015
Ian Ignacio Bautista,1,2015
Valentina Luisa,1,2015
Ivadael ,1,2015
Liam Yamil Ezequiel,1,2015
Samanta Yanet,1,2015
Yantal Morena,1,2015
Dionel Facundo,1,2015
Miah Delfina,1,2015
Aylín Mahía,1,2015
Gianna Luz Jazmin,1,2015
Thadeo Elian,1,2015
Noah Ariel Mateo,1,2015
Mía Yanil,1,2015
Juanse Alejandro,1,2015
Maximiliano José Ramón,1,2015
Rosa Oriana,1,2015
Benicio Nair,1,2015
Iris Jacqueline,1,2015
Sonia Stella,1,2015
Leonel Augusto Benjamin,1,2015
Delfina Patricia Elizabeth,1,2015
Zoe Kimey Enara,1,2015
Santino Alexis Ariel,1,2015
Lauterio Eduardo,1,2015
Yocelin Lacade,1,2015
Melody Mailin,1,2015
Bastian Yotuel,1,2015
Alejandro Cecilio,1,2015
Oliver Ignacio,1,2015
Cipriano Domingo,1,2015
Dion Francesco Eric,1,2015
Dariana Nahir,1,2015
Francisco Nahtaniel,1,2015
Julia Gabriela,1,2015
Ashley Aylén,1,2015
Laila Miley,1,2015
Eliana Sol,1,2015
Lenna Zuley,1,2015
Aaron Yariel,1,2015
Licia Maria,1,2015
Agustina Micole,1,2015
Greis Andrea,1,2015
Wilda Maria Estela,1,2015
Yalila Ailen,1,2015
Maria Gesabel,1,2015
Yutiel Adolfo,1,2015
Umma Tahirah Melody,1,2015
Alejandro Santiago,1,2015
Gaspar Evaristo,1,2015
Tiziana Felicitas,1,2015
Alison Britani,1,2015
